id,title,content
7a3dd79f90ee419da87190cff60f7a86,问责领导(上黄镇党委书记张涛，宣国才真能一手遮天吗？),"这几天看了有人举报施某某的贴子，经与举报人联系证实，是宣某当天中午请举报人和枪手喝酒后，晚上才发的贴子！ 本人不去讨论前二天的举报，相信总归会有说法的！ 今天一看施全军2017年1月2日实名举报上黄镇宣国才的贴子（仍被锁定禁止评论）已经正好一整年了 =750) window.open('http://img.jsly001.com/attachment/mon_1801/4_291085_c796a6a86e17121.jpg?123');"" onload=""if(this.offsetwidth>'750')this.width='750';"" src=""http://img.jsly001.com/attachment/mon_1801/4_291085_c796a6a86e17121.jpg?123"" style=""max-width:750px;""/>图片:/home/alidata/www/data/tmp/qfupload/4_291085_1514981471478952.jpg 施全军实名举报50天后，上黄镇党委政府回复如下图： =750) window.open('http://img.jsly001.com/attachment/mon_1801/4_291085_a9b11b7ea2b1ce9.jpg?90');"" onload=""if(this.offsetwidth>'750')this.width='750';"" src=""http://img.jsly001.com/attachment/mon_1801/4_291085_a9b11b7ea2b1ce9.jpg?90"" style=""max-width:750px;""/>图片:/home/alidata/www/data/tmp/qfupload/4_291085_1514981472631668.jpg =750) window.open('http://img.jsly001.com/attachment/mon_1801/4_291085_9cde9b3943fe20c.jpg?75');"" onload=""if(this.offsetwidth>'750')this.width='750';"" src=""http://img.jsly001.com/attachment/mon_1801/4_291085_9cde9b3943fe20c.jpg?75"" style=""max-width:750px;""/>图片:/home/alidata/www/data/tmp/qfupload/4_291085_1514981472353075.jpg 一年的贴子，再次被网友顶起来后，才发现施某几天前回复网友的处理结果竟如下图： =750) window.open('http://img.jsly001.com/attachment/mon_1801/4_291085_9d32ee572760d85.jpg?131');"" onload=""if(this.offsetwidth>'750')this.width='750';"" src=""http://img.jsly001.com/attachment/mon_1801/4_291085_9d32ee572760d85.jpg?131"" style=""max-width:750px;""/>图片:/home/alidata/www/data/tmp/qfupload/4_291085_1514981473547172.jpg 现责问张涛书记： 1、宣国才被举报这么多问题，什么时候有答复。 2、宣国才被举报后，为什么被立刻免了村书记职务？为什么又被安排到城管队“吃空响”，自己却天天在我们水泥厂上班赚黑钱？ 3、这几个月，水泥每吨近200元纯利润，还供不应求，宣国才还清上黄政府担保借给宣国才代付振东厂工资社保的钱了吗？ 4、据了解宣国才占他人企业经营，又欠税52.16万元、欠社保32.76万元、应该还欠了职工工资几十万，上黄政府打算替宣国才担保还是归还？ 5、我们厂合法会计和老板被判刑四到六年，现在服刑。厂子给宣国才强占，宣国才每天赚20多万净利润，却对外宣称天天亏本！等咱老板刑满回厂，宣国才给咱厂“天天亏”可能要“亏”的几千万元，甚至几个亿，张涛书记您承担还是上黄政府承担？当初可是您亲自把厂交给宣国才生产的！ 希望徐市长看到本贴后能像批示263 、批示违建等民生问题一样，关注一下我们水泥厂的将来！也请徐市长抽日理万机之空亲自约谈一下当事人（特别是那位施站长），千万不能听取一面之辞！"
7640a5589bc7486ca199eeeb38af79dd,江歌事件:教会孩子，善良的同时更要懂得保护自己!,过去一年的江歌悲剧，这几日再次刷屏：住在东京都中野区的中国女留学生江歌，收留了被前男友陈世锋恶意纠缠的闺蜜刘鑫，两人在回到江歌公寓楼时，陈世锋已经等在楼下，叫嚣着要刘鑫给自己一个说法（男友此时的情绪处于濒临崩溃的状态）。江歌为了保护刘鑫，就让她先进了房间，自己拦在外面要求陈世锋离开。结果江歌被陈世锋用刀多处刺伤脖子和胸部，刀刀毙命，残忍至极，最终因失血过多丧生。十几刀，刘鑫躲在屋里，躲在门后，亲耳听着闺蜜江歌的声声求助及惨叫，却始终没有打开门。连邻居都听到呼救纷纷开门查看究竟，那扇可以救命的们始终没有打开。江歌死后，刘鑫面对警方的询问，称自己一无所知，什么都没有听见，不肯出来指证凶手、为江歌伸冤，只想着撇清关系、澄清自己，任江歌遭外界议论指摘，甚至拒绝同江歌妈妈联系，自己做了新头发买了新包包快快乐乐地过着自己的生活，暗自庆幸自己终于摆脱了那个纠缠自己的前男友。迫于舆论的压力，刘鑫终于出现了。江歌为刘鑫失去了生命，可在刘鑫眼里，江歌的一条命抵不过自己的名声，她只在意自己及家人的生活受到了严重的影响，认为自己知道错了江歌妈妈就该原谅她了，不应该揪着她不放。甚至在事搁一年后首次与她死者母亲见面，还身穿艳色裤子，不摘帽子丝毫没有尊重。江歌遇害至今，她每一次出现在网络那头，都是在为自己争辩，为自己的利益作斗争。如果说，江歌的正直与善良，是来自江歌妈妈的言传身教。 那刘鑫的自私与冷漠呢？在刘鑫妈妈与江歌妈妈的争执中可见一斑，刘鑫妈妈说：“她命短了，她不是为了俺闺女！”江歌妈妈后悔吗？一定后悔，后悔自己教女儿这样善良，让她付出了生命的代价去为别人的过错买单。曾经还有一个事件，一位爸爸带着自己的孩子去河边钓鱼，遇到一位带着孩子玩的妈妈。虽然并不相识，但是两个孩子很快打成了一片，玩得不亦乐乎。谁知突然两个孩子掉进了河里。这位爸爸二话没说，立刻下河去救孩子。这个时候他的孩子离岸边近，另一个孩子已经飘得比较远了。孩子妈妈因为不会游泳，一直在岸边喊话，救救她的孩子。这位爸爸稍一犹豫，还是奋力向着自己的孩子游过去，将自己的孩子拖到岸边，这才向着另外一个孩子游去。 可是遗憾的是，另外一个孩子被救上岸，却已停止了呼吸。这位妈妈悲痛欲绝，不停地埋怨这位父亲：“我的孩子就在距离岸边不远处，你一伸手就可以抓得到，为什么你要游得那么远先救自己的孩子？你完全可以救起我的孩子再救你的孩子，你为什么这么没人性，为什么为什么……” 这是人的本能，看到自己的孩子落水，作为父母肯定会不顾一切地去救他，更何况是他自己的孩子离得近，他先救自己的孩子于情于理都说得过去。 不说别的，世界上的人都是自私的，对于自己的孩子，更是如此，如果这位父亲不去救自己儿子，而是救了互不相识的小孩，万一孩子也遭遇了不幸，那么，他的家庭呢？他后半辈子呢？谁来为他破碎的家庭负责？孩子，舍己为人是很伟大，可是你的生命同样宝贵，同样值得珍惜。我们不能容许你为了别的任何人，去做以身犯险的事情，付出生命的代价去承担别人的过错或失误。告诉孩子，善良的前提是懂得保护自己！在这四种情况下，收起你的善良1. 当你弱势而ta强势时有一天，有位妈妈去学校接孩子迟到了，一个人贩子抓住机会，趁机哄骗她的孩子。骗子说：“哎呀，小朋友，我东西丢在厕所了，现在你能不能帮我去找一下。” 她是想把孩子引到厕所里，好让同伴下手。结果她连续问了三遍，这个小孩子一直摇头，她恼了，你这孩子，没学过什么叫助人为乐吗？ 小孩瞪了他一眼，跑到老师身边去了，人贩子看这个孩子机警，马上转换目标。没到十分钟，他们骗到另一个小孩儿，正打算开车走人的时候，被警察抓了个正着。原来这个小孩子跑到老师身边，很笃定地跟老师说，这几个人是坏人。老师半信半疑，但是为了安全着想，还是报了警。 结果没想到，他们真的是坏人。老师就问这个小孩，你怎么知道他们是坏人的。 小孩子说：“妈妈说过，如果有大人找你帮忙，千万不要理他，因为如果大人遇到解决不了的困难，一定会寻求成人帮忙，而不是比他还弱小的孩子。” 成年男子一般不会找孕妇帮忙，健壮的成年人一般不会让老人帮忙，大人一般不会找孩子帮忙，寻求帮助一定是因为你比他强，所以他才找你帮忙。如果你本就是弱势，而强势的一方反而要你帮忙，那么说明他一定另有所图！ 这时候，请务必收起你的善良！2. 避免进入封闭环境四年前，佳木斯市桦南县，曾发生一起惨案。一名刚刚17岁的年轻女护士，在路上看到一名孕妇跌倒，急忙上前搀扶，并将孕妇送回家中。当天下午3点15分，女护士给朋友发来微信：送一名孕妇阿姨，到她家了——让所有人都没想到的是，这条充满爱心的留言，成为善良女孩留在人世间最后的信息。 善良的女孩失踪，警方四处侦查，不久捕获邪恶的孕妇谭某——网络上的新闻称，此女为讨好丈夫，假装在街头跌倒，引诱善良女孩，拐到家里让丈夫伤害。毫无防范的女孩，送其至出租屋后，被孕妇谭某以一瓶掺了安眠药的酸奶迷昏，而后将善良的姑娘杀害。 有天下雨，有个孕妇见门口有个乞丐在淋雨，于心不忍，于是请他进来歇歇脚。乞丐感恩戴德地进了她的家，在换了干净的衣服，吃饱饭之后，他发现只有孕妇一个人在家，于是威胁孕妇给他一笔生活费。 在这样封闭的环境下，只有他们两人在，她失去了讨价还价的余地，为了避免遭受更大的伤害，破财消灾，付了一万块钱给乞丐。 当一个场合，从开放变成封闭，缺少了大家的监督，很难想象，人到底会做出什么事情。在人前可能是谦谦君子，但是到了人后，明显你弱人强的封闭环境中，你只能予取予求。所以，助人为乐可以，但是尽量避免在封闭的空间里。 这时候，请务必收起你的善良！3. 有时候善良也会坏事有个广为人知的故事。游客在禁猎区保护组织的护送下，来到了神秘的可可西里。一只可爱的小藏羚羊跑了来，好奇的探头探脑。可爱的小生灵，游客们顿时骚动起来，纷纷上前拍照，拿出食物和饮水，要喂这只可爱的小动物。 突然之间，一声怒吼响起：“滚开！” 禁猎区的保护队长冲过来，打跑可爱的小藏羚羊，不许游客们喂食。游客怒了：“你这是干什么？怎么可以如此粗暴的对待小动物。我们爱护这些小动物，又有什么不对？” “你们这是在造孽！”保护队长喝斥道：“如果你们对待野生动物太友善，它们就会以为人类都是善良的，一旦遭遇盗猎者，就有可能惨遭猎杀。” 游客们惊呆了。——你的善良，必须要经得起人心的复杂！ 看起来是善良的事情，却可能因为人的复杂贪婪而变成坏事，行善务必要考察清楚，你的善良到底会造成什么样的后果。 这时候，请务必收起你的善良！4.升米恩，斗米仇从前，有两户人家是邻居，平时关系还不错。其中一家人因为能干些，家中要富裕的多。这两家本来没有什么恩怨的，可是，这一年，老天爷发怒，降下了灾祸，田中颗粒无收。这穷的一家没有了收成，只好躺着等死。这个时候，富的一家买到了很多粮食，想着大家邻居的，就给穷的一家送去了一升米，救了急。这穷的一家非常感激富人，认为这真是救命的恩人呀！熬过最艰苦的时刻后，穷人就前往感谢富人。说话间，谈起明年的种子还没有着落，富的一家慷慨地说：这样吧，我这里的粮食还有很多，你就再拿去一斗吧。这穷的千恩万谢地拿着一斗米回家了。回家后，他的兄弟说了，这斗米能做什么？除了吃以外，根本就不够我们明年地里的种子，这个富人太过分了，既然你这么有钱，就应该多送我们一些粮食和钱，才给这么一点，真是坏的很。这话传到了富人耳朵里，他很生气，心想，我白白送你这么多的粮食，你不仅不感谢我，还把我当仇人一样忌恨，真不是人。于是，本来关系不错的两家人。从此就成了仇人，老死不相往来。 一个人饥寒交迫的时候，你给他一碗米，就是解决了他的大问题，他会感恩不尽。但是，你如果继续给他米，他就会觉得理所当然了。一碗米不够，两碗米不够，三碗四碗还是觉得你只给了沧海一粟。 生活里常有这样的事，第一次为一个人提供帮助时，他会对你心存感激，第二次他的感恩心理就会淡化，到了n次以后，他简直就理直气壮地认为这都是你应该为他做的，甚至当没有了这种帮助时，他会对施助者心存怨恨。 所以，人的善良一定要有度！当一个人不思进取，一味索取帮助时，请及时收起你的善良！ 这时候，请务必收起你的善良！我们不愿意世间满是冷漠之人，我们也不愿意教育孩子成为利己主义者，但是世间险恶，有些时候选择自保无可厚非。对于孩子来说，他们还不能很好地判断事情的真假，作为父母，我们要教会孩子：善良没有错，但是要有底线，人性复杂，教会孩子懂得先保护自己，才能考虑善良以及其他。成功的父母每时每刻都会注重优质信息的分享，把好的亲子教育文章分享给身边的朋友，也许就是这样一个简单的动作，数亿的孩子会更加健康、快乐的成长！-  end -下面的内容你可能会喜欢↓↓↓（公众号回复“爱娃”即可查看文章）育儿福利（公益父母课堂！育儿问题解答！儿童能力测评）育儿干货精选（如：如何夸孩子？如何培养阅读？如何过渡幼儿园？）父母成长记（如：犹太人的家教！经验说vs科学说！家庭教育如何培养出成功的孩子？）万千妈妈推荐（如何进行优质早教？如何选择合适孩子的早教课程？早教精品课程推荐！）最牛早教↓卓越七田中国首家效果可衡量的早教机构，深圳东莞十多家分校，为近百家早教机构提供师资培训！专注0-9岁孩子学习潜能、性格潜能的科学育儿方案。您身边的早教专家邀您一起科学育儿育儿  亲子  教育↓深圳早教专家觉得文章还不错，分享给需要的朋友吧！点击阅读原文↓↓↓，免费获取价值480元儿童生理发育测评
8c5bda93e4ba401f90a0faa5b28fe57f,"绝味鸭脖广告""开黄腔""引众怒 ""双11""这么拼值吗?",“双11”1600亿的销售额让中国乃至全世界感到震惊，为此，不仅有不惜欠债百万的“剁手党”，更有绞尽脑汁吸引消费者的商家。就在“双11”前的11月1日，绝味鸭脖在其天猫旗舰店上，推出了一张“双11”预热海报，该海报严重挑战公序良俗、消费女性，其文案之低俗在此已无法引用。网友举报后不到两小时，该宣传海报被撤下并致歉。绝味鸭脖在其致歉信中声明:“绝味从来都是一个尊重女性的企业。一直以来，绝味都像在乎自己的产品品质一样在乎用户的体验和感受，不玩猫腻不跟风!”然而，据媒体报道，绝味鸭脖之后又在其官方微信公众号上推出了新的消费女性式广告，这则题为《我不搞预售，我就是玉兽》的广告，用对话式文案继续进行低俗营销，以女性口吻表述的露骨性暗示语言与其道歉截然相悖，加剧了舆论的反感。对此，很多网友嗤之以鼻，有的则直接表示拒绝再次购买其产品。绝味鸭脖的消费女性式广告客观上为其带来了巨大的社会关注度，一方面，大量传统媒体和新媒体的介入传播吸引了公众的注意。根据人民网舆情监测室统计，截至11月11日，相关网络新闻报道已达497篇，微博1181条，微信文章101篇，论坛文章114篇，app推送199篇。另一方面，相关文案策划也获得了很高的浏览量，据北京商报报道，截至11月7日，绝味鸭脖微信公众号中的低俗文章并未删除，且阅读量已经达到10万+。舆论如此广泛而持续的传播，已成为绝味鸭脖的“免费广告”，甚至使风口浪尖上的绝味鸭脖似乎欣然接受。在其微信文章下的评论区，作者回复网友时提到:“肮脏的眼里，满是肮脏!纯净的眼里，满是纯净!”一幅自得的姿态扑面而来。如此关注度的提高绝非是品牌成功的体现，恰恰是绝味鸭脖忽视品牌文化建设的表征，其品牌形象一落千丈，品牌定位趋于低俗，品牌价值大打折扣。正如千龙网评论文章《边道歉边“开车”绝味鸭脖的恶俗营销你能接受吗?》所指出的，“营销得契合自身品牌形象与定位，是营销基本常识”。绝味鸭脖消费女性式广告营销赢得了眼球，却丢掉了未来，得不偿失。今年7月，奥迪发布了一则广告，内容是一对夫妇正在举行婚礼，新人的婆婆突然冲到前方检查新娘的口齿耳舌，随后对不知所措的新婚夫妻做了一个ok的手势，然后弹出奥迪二手车页面，配音“官方认证才放心”。这则奥迪二手车广告播出后引发舆论不满，“婆婆检查儿媳如同检查牲口，是对女性的极大不尊重”。今年10月，宜家在国内各大电视台播放的一则广告引起轩然大波，广告中母亲对正在吃饭的女儿说“再不带男朋友回来就别叫我妈”，此时，门铃响起，女儿的男朋友出现。母亲态度大变，一家人用宜家家具将整个家布置一新，其乐融融。这一广告情节被认为是对“剩女”的歧视，引发公众吐槽。此事最后以宜家道歉、广告撤播收尾。作为两大国际知名品牌，其向以高大上的形象示人，舆论印象颇为良好，而一旦在广告宣传中出现纰漏，涉嫌消费女性甚至歧视女性，则如遇避之不及的陷阱，元气大伤，长久不得恢复。而绝味鸭脖以如此低俗不堪的图片和文字消费女性，更在舆论批评后变本加厉，其形象之塑造策略令人费解。据现代快报报道，自2016年7月起至案发，为了吸引消费者和合作伙伴，上海一家公司通过官方网站、微信公众号“叫了个鸡”及合作门店，对外发布自主创意的包含“叫了个鸡、没有性生活的鸡、和她有一腿、真踏马好翅”等违背社会良好风尚宣传用语的广告。根据《广告法》第九条第七项“广告不得有下列情形:(七)妨碍社会公共秩序或者违背社会良好风尚”的规定，上海市工商行政管理局检查总队要求该公司停止发布广告，并罚款50万元整。商业广告违背社会良好风尚乃至低俗涉黄、触碰法律底线，不仅是法律问题，也是社会舆论问题。大量不良广告借助营销手段广泛传播，败坏社会风气，使舆论环境受到污染，必须加以严惩。政府监管部门、互联网平台、行业协会、消费者和社会公众等，都应积极参与举报、治理和打击，消灭不良广告，净化舆论空间，维护社会的和谐美好。对消费女性的低俗广告更是非打击不可。
1aa777fed31a4b8a9d866f05b5477557,央视曝光!如东一医药企业将槽罐车改成垃圾车，夜间偷排高浓度废水,2016年以来，如东高新区一家叫做拜瑞生物医药的企业竟然将装废水的槽罐车伪装成洒水车，常年在夜间沿途非法排放高浓度废水。近日如东环保局将该正在偷排的“洒水车”抓了个正着！据了解，从2016年下半年开始，该公司就采用这种方法偷排废水，粗略估计总排放废水量大约在3000吨。丧尽天良！一定要严惩！！来源：整理自网络
6c67ac55360340258e157f3710ebae6c,恶劣至极，央视都曝光了!南通如东一医药企业将槽罐车改成洒水车，夜间偷排高浓度废水...丢大发了!,新闻资讯•民生热点•城市生活•南通人都在看浏览更多资讯请关注微信公众号:南通传媒网昨晚央视一套晚间新闻栏目曝光了一则新闻报道的对象竟是南通如东一家企业的事情▽2016年以来，南通如东高新区一家叫做拜瑞生物医药的企业竟然将装废水的槽罐车伪装成洒水车，常年在夜间沿途非法排放高浓度废水。近日如东环保局将该正在偷排的“洒水车”抓了个正着！据了解，从2016年下半年开始，该公司就采用这种方法偷排废水，粗略估计总排放废水量大约在3000吨。— the end —▼南通企业建网站  |  腾讯企业邮箱开通 企业qq  营销qq  ec营客通一级代理本月最新双重优惠火热进行中  本地化 专业  低价 优质  高效   热线 400 629 0688猜你喜欢的文章►重磅！南通四区近600个小区最新房价出炉！2017年收官月最后一波房价扎心了…►大局已定，南通要全面爆发了！如果五年后你还在南通，你将会面临……►南通人，你的身价要暴涨了！三年后你会庆幸自己没离开南通！►江苏第一美女居然在南通，快看看她是谁？！►大局已定！南通迈入大城市行列，未来要开挂！►为什么一定要在南通买房？5年后的南通给你答案.....►好怀念！南通本地民俗风情画汇总，看看这些你还记得吗？►南通各区县规划一览，难怪越来越多人跑到南通买房…►这个秘密，一般人我不告诉他..本期编辑：心灵小溪  |  图文信息来源：网络综合版权归原作者所有，如侵告删。南通传媒网（nantong360）整理发布 转载请注明投稿爆料合作加微信：jsntzgq888微信平台矩阵，欢迎微信搜索关注南通传媒网（id: nantong360）| 乐在上海（id: lezaish360）海门全接触（id: haimen360） | 苏锡常印象（id: sxcyx360）—— 南通传媒网  ——知晓南通身边事  乐享南通人文情南通传媒网南通人都爱看的微信公众号 新闻资讯 ● 民生热点 ● 城市生活 长按识别二维码关注我们
4760de6f94e249cd8d8cd5634fd8dc5a,央视曝光!南通一医药企业夜间偷排高浓度废水...丢脸!,昨晚央视一套晚间新闻栏目曝光了一则新闻报道的对象竟是如东一家企业的事情▽2016年以来，南通如东高新区一家叫做拜瑞生物医药的企业竟然将装废水的槽罐车伪装成洒水车，常年在夜间沿途非法排放高浓度废水。近日如东环保局将该正在偷排的“洒水车”抓了个正着！据了解，从2016年下半年开始，该公司就采用这种方法偷排废水，粗略估计总排放废水量大约在3000吨。丧尽天良！一定要严惩！！来源：南通那点事 央视新闻客服：0513-83315666责编：文懿推广
8c35b37b2a8a4884b3b8071b879e6fa6,粉丝爆料:五洲国际无锡项目涉嫌诈骗、非法集资,随着金融街1号（jinrongjieyihao）对有非法集资、诈骗嫌疑的案例的曝光，粉丝们的爆料也越来越多。最近又有粉丝提供了五洲国际在无锡洛社项目的线索，且该项目牵扯了660多位投资了该项目的小业主。事情可以追溯到2012年10月-2014年7月之间，五洲国际集团下属开发公司无锡五洲龙盛商业有限公司销售无锡市洛社镇哥伦布六龙商场。根据粉丝提供的材料，整个商场被分割为近千个单元销售给江浙沪及海外660多名客户，初步预计销售额达到4.5亿元。销售商铺时，介绍商铺在地铁线上，并打出“涨价你赚，跌价我赔”的广告标语。并承诺开发商自持物业一半，和业主签订10年包租协议，包租给无锡市五洲六龙城商业有限公司经营管理（五洲国际集团下属一个全资物业子公司），前三年的房租抵房款，第四年商铺租金物业和业主以一九分成。看似一个普通的商业开发项目，但后来项目的执行却与当初所承诺的相去甚远。1、销售时七折销售，以三年房租抵缴部分房费，有故意拉高售价或偷逃地税之嫌。每年租金收益是总房价的8％，三年合计24％，这算成房价。第一年销售时，按照总价减去三年的租金计算，而发票确实折后的金额。事后，业主们才了解到早在2011年最高人民法院明文规定售后包租等房地产交易行为是一种非法集资的行为。同时，住建部下发的《商品房销售管理办法》禁止开发商以返本销售后包租进行商品房销售，也就是说五洲国际借助洛社镇六龙哥伦布项目非法集资。2、前三年无事，等第四年业主根据合同开始收租金时才发现是一个发现惊天骗局。（1）物业公司收取物业将店铺租给客户时物业收的实际租金为每平方米每天3.5元到10元不等。以一楼为例，标准租金定为0.4元/㎡，而每日物业费却竟然高达0.6元/㎡，物业费是租金的150%，闻所未闻，其中猫腻不言自明。因为租金是要根据合同和业主一九分层的，自然定的越低越好，交完税费，业主的收益微乎其微。而物业公司是开发商的全资子公司，代表开放商收入利益。假设投资一个10㎡小铺：投入每铺要50万到100万不等，而回报每年却只有零元或1500元。年租金回报率为零或0.003％。而物业将店铺租给店家收取的物业费却高达3.5元到10元元/㎡天不等，月收益1050至3500元。整个商场如此，一年的利益可想而知。粉丝反映：沙盘和实际构造完全不同（相关诉讼早已胜诉 拒不执行）3、业主准备维护自身权益，成立业主委员会，这时终于明白这是一个一开始就精心设计的一个局。根据江苏省和无锡市物业相关规定，面积和业主人数要过半才可以成立合法的业主委员会。这时，业务们才明白原来自持物业的用处在这里，就是阻止业主成立业主委员会，以便可以长期非法侵占业务利益。据了解，开放商将一部分物业抵给银行，一方面使不动产变成现金运作起来，另一方面可以使业主委员会的成立遥遥无期，一举二得。4、事件远非是经营不善或是市场竞争激烈如此简单。无论是哥伦布新区项目，还是梅村项目都存在套路和情节完全一致的情况。由此可见，哥伦布是在故伎重演。我们查阅网上资料发现，五洲国际无锡项目的业主们发现问题时，众多小业主曾身穿印有“五洲国际黑心房企”的统一服装，手里拿着横幅，聚集在五洲国际项目前讨要说法。查阅资料可知，五洲国际成立于2004年，总部正是在无锡。业务覆盖地产开发、商业管理、电子商务、仓储物流、物业管理等商贸物流全产业链，核心产品为商贸物流产业园、城市/镇综合体、住宅。2013年6月14日，五洲国际成功在香港上市，股票代码：01369.hk。根据其官网介绍，五洲国际已进入中国华东、华北、东北、西南、华中和中原等区域，在全国27个城市开发、运营项目42个，总建筑面积超1200万平方米。五洲国际虽然总部在无锡，但其业务遍布几十个城市，以上涉嫌欺诈的事情也并非仅仅发生在无锡。据粉丝爆料，这样的项目在盐城射阳、湖南娄底、温州乐清、南京高淳、江阴璜土等地偏低开花。百度也能搜索出不少反映五洲国际欺诈业主的帖子。下面这是一位江阴业主发的帖子：此外，我们查阅开发无锡洛社镇哥伦布项目的公司：无锡五洲龙盛商业有限公司发现，该公司牵扯11场法律诉讼，且存在3次失信信息，失信信息显示，对于惠山区人民法院的3次判决全部未履行。盱眙五洲国际公司亦是同样的情况：以上行为到底是不是非法集资，或者欺诈，作为自媒体，我们无法定性。但五洲国际集团这样不诚信的行为，必将对其长期经营发展产生十分重大的不良影响，也会对无锡的营商环境产生不良影响。也提醒我们的粉丝，今后但凡涉及五洲国际的购房或投资项目，应比其他项目更加谨慎。以上内容来自粉丝爆料，不代表本平台观点。【金融街1号】在以下平台|今日头条|新浪微博|网易号|||百度百家|企鹅号|大鱼号|||一点资讯|无锡观察|交汇点|同 步 推 送感谢关注这个有思想的微信公众号“金融街1号” （id：jinrongjieyihao）。本平台原创内容未经允许不可转载，但欢迎转发到朋友圈，欢迎留言与金融君互动。
3b27c107b5134e9dabda161b4fb2c353,年内约10起锂电重组失败 资本对高估值收购说“不”,摘要来自中国电池联盟的数据显示，今年以来，国内动力电池产业链投资额已接近千亿元，相关兼并购案例也有约31起，大部分投资、并购集中在动力电池四大材料(正极材料、负极材料、隔膜、电解液)、设备及锂矿资源争夺上，少数在整车企业、电池回收企业横向联合及储能市场的尝试等。　　来自中国电池联盟的数据显示，今年以来，国内动力电池产业链投资额已接近千亿元，相关兼并购案例也有约31起，大部分投资、并购集中在动力电池四大材料(正极材料、负极材料、隔膜、电解液)、设备及锂矿资源争夺上，少数在整车企业、电池回收企业横向联合及储能市场的尝试等。　　《每日经济新闻》记者注意到，其中最终宣告失败的案例就有10起左右，失败原因中，多数均提到了因交易价格未达成共识。这是否意味着，“高烧不退”的锂电投资热潮正在渐渐降温？“现在整个动力电池行业正在进入整合期，后面能跑出来的概率小了很多。”长期观察研究动力电池行业的分析人士吴辉向记者说道。　　谈钱“伤”重组　　追溯动力电池产业的投资热潮，或许要从2014年下半年说起，在政策的密集助推下，中国新能源汽车出现“井喷式”发展，作为核心部件的动力电池，自然也成为产业链上各家企业的必争之地，甚至还吸引着不少资本跨界进入到该领域。　　也正因为这样，动力电池行业的估值神话不断被刷新，相关概念股也出现了一轮又一轮的暴涨。10月31日晚间，长安汽车(000625，sz)发布公告称，拟与招商财富签订《有限合伙份额转让合同》，以约5.19亿元收购其持有的镇江德茂海润基金4.9亿元的实缴合伙份额，收购完成后，长安汽车将间接持股宁德时代0.3855%股权。此前的6月份，镇江德茂海润基金曾出资10亿元参股宁德时代，仅获1.18%持股。彼时，宁德时代估值840亿元的消息引发行业热议。　　“对资本来说，当前已经是狼多肉少，所以收购价格是越来越高，一定程度上也加剧了资本的恐慌心理。”真锂研究首席分析师墨柯坦言。　　或许是基于这种恐慌，雪莱特(002076，sz)就上演了一出重组标的“一家变两家、两家又变一家”的剧情。今年3月，雪莱特停牌筹划重组，拟购买主营锂电负极材料相关业务的深圳斯诺100%股权，但雪莱特在7月8日发布临时公告，拟收购另一动力电池企业卓誉自动化100%股权，由此其重组标的一家变成了两家。　　9月2日，雪莱特又突然公告称因公司与深圳斯诺主要股东就交易价格等核心方面未能达成一致意见，故决定终止收购深圳斯诺。10余天后，雪莱特在9月14日披露其重组计划方案，此次重组标的公司最终尘埃落定，从两家变成了一家。　　金冠电气(300510，sz)同样遇到类似的事情。今年5月16日，金冠电气曾公告称，拟同时收购鸿图隔膜和中锂新材，进军锂电隔膜领域，但一个多月后，金冠电气就公告称，对于中锂新材，协议双方反复磋商谈判未能就收购方案达成一致，最终选择鸿图隔膜。　　“现在动力电池行业优质的标的的确是很少了，我们之前接触的，有的标的公司会同时和其他资方谈，因而一般我们选择重组标的也都是在两个以上，一来希望尽可能都把好的资产纳入上市公司麾下，二来增加谈成的概率。不过，对上市公司而言，同时与两家标的公司及相关方谈判，要协调的地方太多了，难度很大，加上目前整个行业进入到整合期，如果在估值等上面没与对方达成一致，最后都只能忍痛割爱。”深圳一家上市公司董秘向记者坦言。　　记者梳理发现，因价格未谈拢原因导致收购失败的，占到今年动力电池收购失败案例的一半。　　并购风险陡增　　资本对动力电池行业的热衷也逐渐暴露出盲目性。“其实我从去年7月份到今年见了很多投资方，因为我们公司去年下半年做定增，今年ipo开始辅导，有很多投资方过来跟我们聊，但在过程中我也发现很多投资方对新能源行业并不是特别了解。”天劲股份(831437，oc)cto王强就曾在此前的一个论坛上对《每日经济新闻》记者表示。　　值得注意的是，自2015年以来，上市公司大举跨界并购布局锂电行业已尝到不少“甜头”，但有人欢喜有人忧：去年以来，至少有3家锂电企业未完成业绩对赌协议，包括融达锂业、美拜电子和苏州捷力。　　“以前在政策明朗期，和标的公司谈的时候，估值给得都较高，但现在好的标的越发稀少，加上补贴退坡，行业进入洗牌期，政府也有意鼓励行业大浪淘沙，我们在估值方面就给得比较谨慎，有的企业谈不成了，就说会自己去ipo。”一位长期观察研究新能源汽车行业的资深投资人士认为，如今整车和电池投资机会已经很少了，更看好材料及其他细分零部件的机会，比如电机、dc-dc模块电源等。　　“骗补”事件爆发后，国家陆续出台了电池企业目录、新能源汽车推荐目录重审、补贴政策调整、新国标强检、3万公里行驶里程等多个政策，意在规范行业发展，而政策波动对每一家动力电池企业在未来发展的影响都不可避免，这也影响到上市企业跨界收购锂电企业的信心。　　“投资人现在对价格的确更关注。”在迈哲华(上海)合伙人郭凯看来，前两年中央政府要求地方政府积极推进新能源产业发展，因而有一些地方政府主导的项目，但今年以来政府意识到低端产能过剩，已经不再鼓励。投资机构没有地方政府其他方面的鼓励政策支撑，就需要回归投资的价值。　　此外，郭凯也指出，今年以来关于行业产能结构性过剩问题不断被提及，前期投的有些项目销售并没有预期好，投资回报堪忧，现在投资方对技术要求更高，尽调也更仔细。总体而言，市场在经过前几年过热之后，开始意识到电动汽车需求还有相当长的周期，动力电池存在一定的技术风险，投资回报期长，因此也逐渐趋于理性。　　中国化学与物理电源行业协会秘书长刘彦龙表示，虽然行业投资热度号称高达千亿元资金，但这些其实都只是前期预算，实际上有没有这么多、能否落实都还有待考证。至于后续能有多少产能能够释放出来，也存在着太多不确定性因素。政府此前曾酝酿出台动力电池行业规范，拟设立80亿瓦时产能门槛，虽未最后拍板，但淘汰落后产能的意图很明显。                (原标题：年内约10起锂电重组失败 资本对高估值收购说“不”)                (责任编辑：df318)
167c5e0e39164b5fad96391422cc166d,男子梦想一夜暴富持水泥块砸机, 一分钱都没取到 近日，江苏扬州，谢某为盗取钱款手持水泥块疯砸机。由于机自带防盗功能，谢某未能取到一分钱。目前谢某已被警方刑事拘留。
51d757b893294b2693ddd16d94356d2d,北京多家法院供暖纠纷:案件主体为供暖费追缴山海网, 北京的这个冬天来得比往年更早一些，大风寒潮一次次刷新着温度的新低。冬季采暖直接关系着居民的切身生活，可现实中，因供暖引发的纠纷却是屡见不鲜，无论是供暖单位还是采暖居民都深受困扰。到底是什么原因，让给老百姓送温暖的“暖心事”，屡屡变成对簿公堂的“寒心事”?记者从北京多家法院调查了解到，当前，供暖服务已经逐渐由福利型向商品型转变，存在供暖现状比较复杂、供暖需求日益多元及供暖服务市场化不足等新特点，在此过程中，追缴供暖费成为法院审理的供暖纠纷案件主体，约占此类纠纷的以上。而引发纠纷的原因，既有因供暖温度不达标等供暖服务原因，也存在着部分用户福利采暖观念未转变等深层次原因。福利供暖已变谁用热谁交费钱某是某单位的退休职工，由于连续拖欠了个供暖季的供暖费，被供暖单位告上法庭。对于自己成为被告，钱某觉得非常冤，因为在钱某的观念里，供暖费就应该由单位交，供暖公司不应该找自己要钱。案件审理过程中，法院专门到钱某所在的单位进行调查，发现单位早已向职工发出通知，告知员工年后，按照国家政策规定，供暖费由职工个人交纳，单位不再负担，由单位向职工给予适当补贴。而且，钱某也领取了单位发放的补贴。掌握情况后，法官向钱某详细解释了供暖政策的变化，钱某恍然大悟，当即表示愿意交纳拖欠的供暖费。最终，双方达成调解。据西城法院立案速裁庭副庭长刘喆介绍，类似钱某这样的用户，实际生活中并不少见。“之所以引发这类纠纷，重要原因在于这些用户根深蒂固地认为，供暖费用就应该由单位来交，归根结底是福利采暖的心理难以改变”。据了解，很多城市此前的供暖政策是在计划经济体制下制定的，房屋一般是单位或机关分配的住房，产权属于国家或集体所有，因此供暖费用主要由单位承担。近年来，各地供暖政策逐步改革，例如北京市于年开始施行北京市供热采暖管理办法(以下简称办法)，改变了以往由单位交费、用户采暖的供暖体系，转为“谁供热、谁收费，谁用热、谁交费”。从那之后，用户个人直接交纳供暖费就成了主要缴费方式，只不过，有些单位事后还会给职工供暖补贴或者实际报销供暖费。但这也造成了实践中，不同单位职工供暖缴费的主体并不统一。刘喆告诉记者，办法实施后，供暖费由用户个人承担，很多用户对此不甚理解。在法院接触的此类型案件中，供暖诉讼多集中在老旧小区，这些住房在“房改”之前多为公有住房，很多住户都是已经离退休的老职工。因为对新政策不了解，再加上陈旧的硬件环境、供暖设备容易出现问题，所以住户与供暖单位更容易产生矛盾纠纷。不仅如此，自年办法实施后，供暖服务主体也发生了变化，由最初的单位房管处或后勤部，逐渐转变为专业化的供暖服务单位。但这些新单位很多入户调查没有做到位，对住户情况不清晰，没有与住户及时签订新的供暖合同，也为此后引发供暖矛盾纠纷埋下伏笔。在北京市第二中级人民法院一份对于供暖合同纠纷的调研中，记者注意到，该院提出供暖类案件的一个显著特点，就是当事人的证据意识薄弱，在该院审理的此类案件中，约有的供暖单位无法提供书面供暖合同。在北京西城区和顺义区人民法院的同类调研中，也都不约而同地提到，“未签供热合同”是引发供热纠纷的重要原因。在顺义区法院审理的一起案件中，伊某连续年没有交过供暖费，物业公司反复上门催要不成，将伊某告上法院。案件审理过程中，伊某称，自己不交供暖费是因为物业公司的主体不适格:“我当初是和房地产公司签的供暖合同，根本没有和物业公司签过，物业公司拿着商品房预售合同无权起诉索要供暖费。”法院调查发现，伊某所在的小区，物业公司和房地产公司签订过供热系统投资运营合作协议，约定由物业公司提供供暖服务，但物业公司确实没有和业主再单独签订供暖协议。法院认为，虽然业主伊某没有与小区物业公司签订书面供暖合同，但物业公司为伊某提供了供暖服务，伊某也享受了这一服务，两者就建立了事实上的供用热力合同关系。据此，法院判令伊某向物业公司支付供热费。
